{"cameraMode":{"drawMode":0,"name":"Shaded","section":"Shading Mode"},"sceneLighting":false,"audioPlay":false,"sceneViewState":{"m_AlwaysRefresh":false,"showFog":false,"showSkybox":false,"showFlares":false,"showImageEffects":false,"showParticleSystems":false,"showVisualEffectGraphs":true,"m_FxEnabled":true},"in2DMode":false,"pivot":{"x":0.00002586841583251953,"y":0.8407376408576965,"z":0.017498105764389039},"rotation":{"x":-0.049188438802957538,"y":-0.008692813105881215,"z":0.00042965522152371705,"w":-0.9987669587135315},"size":1.3575925827026368,"orthographic":false}