{"cameraMode":{"drawMode":0,"name":"Shaded","section":"Shading Mode"},"sceneLighting":false,"audioPlay":false,"sceneViewState":{"m_AlwaysRefresh":false,"showFog":false,"showSkybox":false,"showFlares":false,"showImageEffects":false,"showParticleSystems":false,"showVisualEffectGraphs":true,"m_FxEnabled":true},"in2DMode":false,"pivot":{"x":0.20760872960090638,"y":1.2403932809829713,"z":0.04841913282871246},"rotation":{"x":-0.06863682717084885,"y":-0.02364528924226761,"z":0.001630498212762177,"w":-0.9973723888397217},"size":1.1128345727920533,"orthographic":false}